,Unnamed: 0,galex_objid,sdss_objid,u,g,r,i,z,nuv_mag,eu,eg,er,ei,ez,nuv-u,nuv-g,nuv-r,nuv-i,nuv-z,u-g,u-r,u-i,u-z,g-r,g-i,g-z,r-i,r-z,i-z,c,rs,pred
525,757,3.8023070596234e+18,1.23766743009677e+18,22.7184886932,22.099773406999997,21.8991184235,22.144258499099998,21.805543899499998,0.1204954237,0.0938892141,0.06495212759999999,0.048266388499999986,0.0359013267,24.0451087952,1.326620102,1.9453353882,2.1459903717,1.9008502961,2.2395648957,0.6187152861999999,0.8193702697,0.5742301941,0.9129447937,0.2006549835,-0.0444850921,0.2942295075,-0.2451400756,0.093574524,0.3387145996,0,2.0022313595,0
741,1059,6.37872668716565e+18,1.23766744780282e+18,22.4174747467,21.8695602417,21.996786117600003,22.0984382629,21.654739379899997,0.0923214853,0.0719362795,0.0497651845,0.0369808674,0.0275069699,21.6214733124,-0.7960014343,-0.2480869293,-0.3753128052,-0.4769649505,-0.0332660675,0.547914505,0.4206886291,0.3190364838,0.7627353668000001,-0.1272258759,-0.2288780212,0.2148208618,-0.1016521453,0.34204673770000005,0.443698883,0,0.6194304824,1
783,1123,3.85121333682687e+18,1.23766753693401e+18,22.147607803299998,21.2518520355,21.1557178497,21.118227005,20.8727092743,0.1160582006,0.0904317647,0.0625602752,0.0464889891,0.0345792659,23.8117351532,1.6641273499,2.5598831177,2.6560173035,2.6935081482,2.9390258789,0.8957557678,0.9918899536,1.0293807983,1.274898529,0.0961341858,0.13362503050000002,0.3791427612,0.037490844700000005,0.2830085754,0.2455177307,0,2.287769556,0
826,1192,3.84815229645515e+18,1.2376675385401e+18,21.2685413361,20.6596031189,20.4848175049,20.5001239777,20.401416778599998,0.0992442444,0.0773304477,0.0534968451,0.0397538878,0.0295695905,23.516799926799997,2.2482585907,2.8571968079000003,3.0319824219,3.0166759491,3.1153831482,0.6089382172,0.7837238312,0.7684173584,0.8671245575,0.17478561399999998,0.15947914119999998,0.25818634030000004,-0.0153064728,0.0834007263,0.0987071991,0,1.1814427376,0
896,1291,3.0810978003452e+18,1.23766773450277e+18,25.2499351501,21.8291435242,20.2605762482,20.0143070221,19.8848228455,0.0905001983,0.0705171451,0.0487834327,0.0362513177,0.0269643217,24.0263500214,-1.2235851287,2.1972064972,3.7657737732,4.0120429993,4.1415271758999985,3.4207916259,4.9893589019,5.235628128,5.3651123046,1.568567276,1.8148365021,1.9443206787,0.2462692261,0.3757534027,0.1294841766,0,0.4217807949,1
989,1414,6.37767121935375e+18,1.23766773556714e+18,21.9501266479,21.505783081100002,21.3184394836,21.3115272522,21.420545578,0.1104608923,0.0860703811,0.0595430881,0.0442468971,0.032911561400000004,22.4008369446,0.4507102967,0.8950538634999999,1.082397461,1.0893096924,0.9802913666,0.4443435668,0.6316871643,0.6385993957,0.5295810699,0.1873435975,0.1942558289,0.0852375031,0.0069122314,-0.1021060944,-0.1090183258,0,1.0548853874,1
990,1415,6.37767121935375e+18,1.23766773556714e+18,21.9501266479,21.505783081100002,21.3184394836,21.3115272522,21.420545578,0.1104608923,0.0860703811,0.0595430881,0.0442468971,0.032911561400000004,22.4008369446,0.4507102967,0.8950538634999999,1.082397461,1.0893096924,0.9802913666,0.4443435668,0.6316871643,0.6385993957,0.5295810699,0.1873435975,0.1942558289,0.0852375031,0.0069122314,-0.1021060944,-0.1090183258,0,0.0041532526,1
997,1427,6.38263218360602e+18,1.23766773557022e+18,22.7052936554,21.4854946136,21.4323368073,21.2751922607,21.4325180054,0.1103969887,0.0860205889,0.05950864400000001,0.0442213006,0.0328925215,22.3920688629,-0.3132247925,0.9065742493,0.9597320556,1.1168766022,0.9595508575,1.2197990418,1.2729568481,1.4301013947,1.27277565,0.0531578063,0.2103023529,0.0529766082,0.1571445466,-0.0001811981,-0.15732574470000002,0,5.921512126900001,0
1710,2453,3.85536509273336e+18,1.23766791433939e+18,22.5840568542,21.241386413599997,20.953525543199998,20.7808685303,20.4069480896,0.0956783071,0.07455188780000001,0.0515746512,0.0383254923,0.0285071246,24.597578048699997,2.0135211945,3.3561916351,3.6440525055,3.8167095184,4.190629959100002,1.3426704406,1.630531311,1.8031883239,2.1771087646,0.2878608704,0.4605178833,0.8344383240000001,0.1726570129,0.5465774536,0.3739204407,0,1.0599038601000002,0
1712,2455,6.37904341308644e+18,1.23766791433991e+18,21.478820800799998,20.3789348602,20.495382309,20.519735336300002,20.6409683228,0.0893663093,0.069633618,0.0481722169,0.035797119100000004,0.0266264807,21.9112586975,0.4324378967,1.5323238373,1.4158763885,1.3915233612,1.2702903747,1.0998859406,0.9834384918,0.9590854645,0.837852478,-0.1164474488,-0.1408004761,-0.2620334626,-0.0243530273,-0.1455860138,-0.1212329865,0,0.13169957699999998,0
1713,2458,3.12472642173535e+18,1.23766791433998e+18,21.5121898651,20.210258483900002,19.647443771400003,19.4067115784,19.2716007233,0.0878930017,0.0684856325,0.0473780409,0.0352069624,0.026187511200000003,23.3120975494,1.7999076843,3.1018390655,3.664653778,3.905385971,4.0404968261,1.3019313812,1.8647460937,2.1054782867,2.2405891418,0.5628147125,0.8035469055,0.9386577606,0.240732193,0.3758430481,0.1351108551,0,0.6979357004000001,0
1714,2461,3.22837958211037e+18,1.2376679143405e+18,20.913940429700002,20.367099762,20.3337745667,20.3955993652,20.6027793884,0.0852903575,0.0664576739,0.0459751077,0.0341644324,0.0254120622,21.879175186199998,0.9652347565,1.5120754242,1.5454006195,1.483575821,1.2763957978,0.5468406677000001,0.580165863,0.5183410645000001,0.3111610413,0.0333251953,-0.0284996032,-0.2356796264,-0.061824798499999986,-0.2690048217,-0.2071800232,0,0.7344586849,0
1765,2569,6.3787267193779e+18,1.23766791595727e+18,21.170797348,20.5418567657,20.5672340393,20.5569248199,20.3851013184,0.1141242459,0.0889248401,0.06151779,0.0457143113,0.0340030491,22.142305374099998,0.9715080261,1.6004486084,1.5750713347999998,1.5853805542,1.7572040557,0.6289405822999999,0.6035633087,0.6138725281,0.7856960296,-0.0253772736,-0.0150680542,0.15675544730000002,0.0103092194,0.1821327209,0.17182350149999998,0,0.4940449297,1
1790,2617,3.06150010509172e+18,1.23766791703016e+18,22.3673286438,21.643493652300002,21.4880237579,21.5482559204,21.4916629791,0.1141375899,0.08893523369999999,0.0615249835,0.0457196571,0.034007024,24.459793090799998,2.092464447,2.8162994385,2.9717693329,2.9115371704000004,2.9681301117000003,0.7238349915000001,0.8793048859,0.8190727234,0.8756656647,0.1554698944,0.0952377319,0.15183067320000002,-0.0602321625,-0.0036392212,0.0565929413,0,5.7100234032,0
1852,2712,6.37855081791855e+18,1.23766827243681e+18,21.832548141500002,20.4843883514,20.326980590799998,20.209405899,20.1493167877,0.0976482928,0.0760868937,0.0526365601,0.0391146056,0.0290940795,23.2578201294,1.4252719879,2.773431778,2.9308395386000003,3.0484142304,3.1085033417,1.3481597901,1.5055675507,1.6231422425,1.6832313538,0.1574077606,0.2749824524,0.3350715637,0.1175746918,0.1776638031,0.0600891113,0,0.7042507529,0
1944,2854,3.12472642173535e+18,1.23766829229919e+18,21.3495426178,20.4240131378,20.231313705399998,20.1999053955,20.047876358,0.08781329539999999,0.0684235245,0.0473350808,0.0351750366,0.0261637662,22.968042373699998,1.6184997559,2.5440292359,2.7367286683,2.7681369782,2.9201660157,0.92552948,1.1182289124,1.1496372223,1.3016662598,0.1926994324,0.2241077423,0.3761367798,0.0314083099,0.1834373474,0.1520290375,0,0.3641141653,0
1946,2857,3.22837958211037e+18,1.23766829229952e+18,20.8536128998,20.0343780518,19.796628952,19.7149181366,19.761713028,0.0790344551,0.0615831092,0.0426029116,0.0316585302,0.023548129900000003,23.2332954407,2.3796825409,3.1989173889,3.4366664887,3.5183773041000004,3.4715824127,0.819234848,1.0569839478,1.1386947632,1.0918998718,0.2377490998,0.3194599152,0.2726650238,0.0817108154,0.034915924,-0.0467948914,0,0.3678865731,0
1947,2858,3.22837958211037e+18,1.23766829229965e+18,21.3985366821,20.484085083,20.2604427338,20.0983047485,20.1123085022,0.0809243247,0.0630556867,0.0436216332,0.0324155465,0.0241112113,22.9523410797,1.5538043976,2.4682559967,2.6918983459,2.8540363312,2.8400325775,0.9144515991,1.1380939483,1.3002319336,1.2862281799,0.2236423492,0.3857803345,0.3717765808,0.16213798529999998,0.1481342316,-0.0140037537,0,0.2965330482,0
1955,2870,6.37904340235112e+18,1.23766829283561e+18,20.4721775055,20.2806110382,20.2847728729,20.3758354187,20.4954891205,0.0821415931,0.0640041679,0.0442777872,0.0329031423,0.0244738925,21.0328960419,0.5607185364,0.7522850037000001,0.7481231690000001,0.6570606232,0.5374069214,0.1915664673,0.1874046326,0.0963420868,-0.023311615,-0.0041618347,-0.0952243805,-0.2148780823,-0.0910625458,-0.2107162476,-0.1196537018,0,0.6701145768,1
1956,2878,3.12472642173535e+18,1.23766829283613e+18,21.386894226099997,20.3163394928,19.9222698212,19.8038730621,19.6482849121,0.0865150467,0.0674119368,0.0466352664,0.034655001,0.0257769544,23.488834381100002,2.101940155,3.1724948883,3.5665645599,3.684961319,3.840549469,1.0705547333,1.4646244049,1.583021164,1.738609314,0.3940696716,0.5124664307,0.6680545807,0.1183967591,0.2739849091,0.15558815,0,0.015052449,0
1957,2880,3.22837958211037e+18,1.23766829283639e+18,21.039270401,20.1876907349,19.889709472699998,19.7733345032,19.7554969788,0.08708799630000001,0.06785837559999999,0.046944111600000005,0.034884505,0.0259476621,22.2999382019,1.2606678009,2.112247467,2.4102287292,2.5266036987,2.5444412231,0.8515796661,1.1495609283,1.2659358978,1.2837734222,0.2979812622,0.4143562317,0.4321937561,0.1163749695,0.1342124939,0.0178375244,0,0.0927600339,0
1958,2881,3.22837958211037e+18,1.23766829283646e+18,20.7091236115,20.2061824799,20.1275997162,20.1791820526,20.1034240723,0.08935823289999999,0.0696273297,0.0481678657,0.0357938856,0.0266240761,21.9486465454,1.2395229339,1.7424640655,1.8210468292,1.7694644928,1.8452224731,0.5029411316,0.5815238953,0.5299415589,0.6056995392,0.0785827637,0.0270004273,0.1027584076,-0.0515823364,0.0241756439,0.0757579803,0,0.2283113003,0
1962,2893,3.22837958211038e+18,1.23766829337333e+18,21.2796649933,20.2994441986,19.999736785899998,19.9217147827,19.8703422546,0.0953501761,0.0742962062,0.051397774400000006,0.0381940529,0.02840936,23.4331455231,2.1534805298,3.1337013245,3.4334087372,3.5114307404,3.5628032685,0.9802207947,1.2799282074,1.3579502106,1.4093227387,0.2997074127,0.3777294159,0.429101944,0.07802200320000001,0.1293945313,0.0513725281,0,0.1517188847,0
1964,2896,6.37904343026631e+18,1.23766829337392e+18,21.9926338196,21.4057865143,21.3605060577,21.4334754944,22.034763336199997,0.0858230591,0.0668727458,0.0462622531,0.034377813300000004,0.0255707763,22.7994670868,0.8068332672,1.3936805725,1.4389610291,1.3659915924,0.7647037506000001,0.5868473053000001,0.6321277619,0.5591583252000001,-0.0421295166,0.045280456600000005,-0.0276889801,-0.6289768218999999,-0.0729694367,-0.6742572785,-0.6012878418,0,2.2274050713,1
1970,2909,6.3790434120127e+18,1.23766829390987e+18,21.5832328796,20.4936828613,20.4603328705,20.591474533099998,20.646595001199998,0.0837058574,0.0652230382,0.0451209955,0.0335297361,0.0249399636,22.0497970581,0.4665641785,1.5561141968,1.5894641876,1.458322525,1.4032020569,1.0895500183,1.1229000091,0.9917583465,0.9366378784,0.0333499908,-0.0977916718,-0.1529121399,-0.1311416626,-0.1862621307,-0.055120468099999986,0,0.194632709,0
1973,2914,6.3790434120148e+18,1.23766829391e+18,20.40275383,20.1272964478,20.490251541099997,20.7139434814,20.8750934601,0.0828818157,0.0645809472,0.0446768031,0.033199653,0.0246944427,19.9094295502,-0.4933242798,-0.21786689760000005,-0.5808219909000001,-0.8045139312,-0.9656639099,0.2754573822,-0.0874977111,-0.3111896514,-0.4723396301,-0.3629550933,-0.5866470336,-0.7477970123000001,-0.2236919403,-0.384841919,-0.1611499787,0,0.909643352,1
2010,2989,3.23003324759855e+18,1.23766829713234e+18,23.1274032593,21.2071876526,20.925842285199998,20.8067111969,21.0478878021,0.1049425527,0.0817705244,0.0565684699,0.0420364365,0.0312673859,23.6167926788,0.4893894195,2.4096050262,2.6909503936,2.8100814819,2.5689048767,1.9202156067,2.2015609741,2.3206920624,2.0795154572,0.2813453674,0.4004764557,0.1592998505,0.1191310883,-0.1220455169,-0.2411766052,0,6.7446179389999985,1
2139,3180,3.86796109794116e+18,1.237668299285e+18,22.1847858429,21.7312240601,21.582614898699997,21.648859024,21.1514644623,0.0760706812,0.059273757,0.0410053134,0.0304713417,0.022665079700000004,24.5223274231,2.3375415802,2.791103363,2.9397125244,2.8734683991,3.3708629608,0.4535617828,0.6021709442000001,0.5359268189,1.0333213806,0.1486091614,0.0823650361,0.5797595978,-0.0662441253,0.4311504364,0.4973945617,0,0.4296609461,1
2393,3612,6.37960632760638e+18,1.23766875670053e+18,21.2007026672,20.4066352844,19.9163188934,19.7321662903,19.7145843506,0.5591794848,0.4357088506,0.30142137410000003,0.223988384,0.16660620269999998,22.5852603912,1.384557724,2.1786251068,2.6689414978,2.8530941009,2.8706760406,0.7940673828,1.2843837738,1.4685363769,1.4861183166,0.490316391,0.6744689940999999,0.6920509337999999,0.1841526031,0.2017345428,0.0175819397,0,0.0040367092,0
2595,4000,6.37781198690688e+18,1.23767096484666e+18,20.8577976227,20.2820549011,19.7345409393,19.3739681244,19.0483169556,0.1303904504,0.101599358,0.070285961,0.0522300042,0.0388495252,21.4760608673,0.6182632446,1.1940059662,1.7415199280000002,2.1020927429,2.4277439117,0.5757427216,1.1232566834,1.4838294983000002,1.8094806671,0.5475139618,0.9080867767,1.2337379455,0.3605728149,0.6862239837,0.3256511688,0,0.6021511555,1
2596,4002,6.37781198690688e+18,1.23767096484666e+18,20.8577976227,20.2820549011,19.7345409393,19.3739681244,19.0483169556,0.1303904504,0.101599358,0.070285961,0.0522300042,0.0388495252,21.4760608673,0.6182632446,1.1940059662,1.7415199280000002,2.1020927429,2.4277439117,0.5757427216,1.1232566834,1.4838294983000002,1.8094806671,0.5475139618,0.9080867767,1.2337379455,0.3605728149,0.6862239837,0.3256511688,0,1.0560847521,1
2942,4705,3.78418710799766e+18,1.23767859647565e+18,22.3956127167,22.0511989594,21.9325275421,22.0874729156,21.708641052199997,0.1844637692,0.14373292029999998,0.0994337723,0.0738899484,0.0549605489,23.4171657562,1.0215530395,1.3659667968,1.4846382141,1.3296928406,1.708524704,0.3444137573,0.4630851746,0.3081398011,0.6869716645,0.1186714173,-0.0362739562,0.3425579072,-0.15494537349999998,0.2238864899,0.3788318634,0,6.7241134644,1
3049,4843,6.38101373899716e+18,1.23767859701966e+18,22.3414497375,22.0611476898,22.1399745941,22.2682723999,21.430185318,0.1286099851,0.1002120301,0.0693262219,0.051516812300000006,0.0383190438,21.9272880554,-0.4141616821,-0.13385963439999998,-0.2126865387,-0.34098434450000004,0.4971027374,0.2803020477,0.2014751434,0.0731773376,0.9112644195,-0.0788269043,-0.20712471010000005,0.6309623718,-0.1282978058,0.7097892761,0.8380870819,0,1.1565186977,1
3077,4886,6.37615831927122e+18,1.23767859754834e+18,21.552309036300002,21.1358776093,21.0774765015,20.9600543976,20.9213409424,0.2039603293,0.1589245051,0.1099432409,0.0816996098,0.0607694983,22.0303726196,0.4780635833,0.8944950103,0.9528961181,1.070318222,1.1090316772,0.416431427,0.4748325348,0.5922546387,0.6309680939,0.0584011078,0.1758232117,0.2145366669,0.1174221039,0.15613555910000002,0.0387134552,0,2.0462236404,1
3738,5741,6.37640455082004e+18,1.23767861847779e+18,22.7146816254,21.653963089,21.513212204000002,21.4205665588,21.142496109,0.2621463835,0.2042626739,0.1413079798,0.1050069705,0.0781058967,23.2902622223,0.5755805969,1.6362991333,1.7770500183000002,1.8696956635,2.1477661133000003,1.0607185364,1.2014694214,1.2941150666,1.5721855163999998,0.140750885,0.2333965302,0.51146698,0.0926456452,0.370716095,0.2780704498,0,0.9854033589,1
3893,5939,6.37615830423883e+18,1.23767861902521e+18,22.6462268829,21.7926273346,21.846912384,21.828220367399997,22.3365097046,0.2079501301,0.1620333344,0.1120939106,0.0832977891,0.0619582534,23.0305671692,0.3843402863,1.2379398346,1.1836547852,1.2023468018,0.6940574646,0.8535995483,0.7993144989000001,0.8180065154999999,0.3097171783,-0.054285049400000014,-0.0355930328,-0.54388237,0.0186920166,-0.4895973206,-0.5082893372,0,0.5986438394,1
4501,6721,2.91703307329497e+18,1.23767866035785e+18,21.432380676300003,20.9840373993,20.93009758,20.7473468781,20.6336479187,0.1024409831,0.0798213184,0.0552200191,0.041034393,0.0305220503,22.9809970856,1.5486164093,1.9969596863,2.0508995056,2.2336502075,2.3473491669,0.448343277,0.5022830963,0.6850337981999999,0.7987327576000001,0.0539398193,0.2366905212,0.3503894806,0.1827507019,0.2964496613,0.1136989594,0,1.8323602676,1
5211,7643,2.904366699343e+18,1.2376788257076e+18,22.491800308200002,21.684888839699997,21.5006809235,21.4333286285,21.2490653992,0.2651234269,0.2065823674,0.1429127306,0.1061994731,0.0789928958,24.2241001129,1.7322998047,2.5392112732,2.7234191894,2.7907714844,2.9750347137,0.8069114685,0.9911193847,1.0584716797,1.2427349090000002,0.1842079162,0.2515602112,0.4358234405,0.067352295,0.2516155243,0.1842632293,0,1.3218773603,0
5395,7900,4.48161173154248e+18,1.23767885900114e+18,21.195747375499998,20.8117580414,20.606750488299998,20.5968418121,20.4914360046,0.2950939238,0.2299351841,0.1590680927,0.1182046458,0.0879225433,23.072502136199997,1.8767547607,2.2607440948,2.4657516479,2.4756603241,2.5810661316,0.3839893341,0.5889968872,0.5989055634,0.7043113709000001,0.2050075531,0.2149162293,0.3203220368,0.0099086762,0.1153144837,0.1054058075,0,2.0674762726,1
5458,7992,6.38020445012283e+18,1.2376788595519e+18,22.771701812699998,21.6230831146,21.5957107544,21.6096248627,21.4811172485,0.2909789681,0.2267288417,0.1568499655,0.116556339,0.0866964981,21.989253997800002,-0.7824478148999999,0.3661708832,0.3935432434,0.3796291351,0.5081367493,1.1486186981,1.1759910583,1.16207695,1.2905845642,0.0273723602,0.0134582519,0.1419658661,-0.0139141083,0.1145935059,0.1285076142,0,5.3477592468,0
6538,9346,6.37605274897508e+18,1.23767890785586e+18,25.8681507111,21.7698173523,21.542022705100003,21.3677444458,21.2392692566,0.3374922872,0.2629716992,0.1819226146,0.1351879984,0.1005550325,23.094837188699998,-2.7733135224,1.3250198364,1.5528144836000002,1.7270927428999998,1.8555679321,4.0983333588,4.326128006,4.5004062653,4.6288814545,0.2277946472,0.4020729065,0.5305480957,0.1742782593,0.3027534485,0.1284751892,0,1.2763800621,1
6566,9387,6.38097852992901e+18,1.23767891806159e+18,22.337411880500003,21.580820083600006,21.4513874054,21.563833236700006,21.3391113281,0.3204442561,0.2496879846,0.17273299399999995,0.1283591241,0.0954756066,22.6433753967,0.3059635162,1.0625553131,1.1919879913,1.07954216,1.3042640686,0.7565917969,0.8860244751,0.7735786438,0.9983005524,0.1294326782,0.016986846899999998,0.2417087555,-0.1124458313,0.1122760773,0.2247219086,0,5.9941282272,0
6567,9389,6.38097852992901e+18,1.23767891806159e+18,22.337411880500003,21.580820083600006,21.4513874054,21.563833236700006,21.3391113281,0.3204442561,0.2496879846,0.17273299399999995,0.1283591241,0.0954756066,22.6433753967,0.3059635162,1.0625553131,1.1919879913,1.07954216,1.3042640686,0.7565917969,0.8860244751,0.7735786438,0.9983005524,0.1294326782,0.016986846899999998,0.2417087555,-0.1124458313,0.1122760773,0.2247219086,0,1.2679878473,0
6929,9975,6.38031002363809e+18,1.23767907966544e+18,25.041252136199997,21.3717861176,21.1843833923,21.12059021,22.159990310700003,0.1277570128,0.0995473936,0.0688664317,0.0511751361,0.0380649008,23.0579509735,-1.9833011627,1.6861648559,1.8735675812,1.9373607635,0.8979606628,3.6694660186,3.8568687439,3.9206619262,2.8812618255,0.1874027253,0.2511959076,-0.7882041931,0.0637931823,-0.9756069184,-1.0394001007,0,1.4515733719,1
7118,10221,2.59273871595353e+18,1.23767925413485e+18,23.420976638800006,21.912378311199998,21.2620601654,20.8551235199,20.8012561798,0.0958419591,0.0746794045,0.051662866,0.0383910462,0.028555886800000006,24.6751728058,1.254196167,2.7627944946,3.4131126404,3.8200492859,3.873916626,1.5085983276,2.1589164734,2.5658531189,2.6197204590000003,0.6503181458,1.0572547913,1.1111221314,0.4069366455,0.4608039856,0.0538673401,0,0.11116492,0
7589,10796,6.38034521767386e+18,1.23767932392584e+18,22.187608718899998,21.667049408,21.5860271454,21.5386276245,21.576599121100006,0.1919872761,0.1495951861,0.1034892574,0.0769036114,0.0572021566,22.139917373699998,-0.0476913452,0.4728679657,0.5538902283,0.6012897492,0.5633182526,0.5205593109000001,0.6015815735,0.6489810944,0.6110095978,0.08102226259999999,0.1284217835,0.0904502869,0.0473995209,0.0094280243,-0.0379714966,0,1.2431169748,1
7666,10902,6.38090818373341e+18,1.23767932393731e+18,25.5026473999,22.6855697632,22.184530258200002,20.4290847778,19.7216148376,0.1126166433,0.0877501294,0.06070513280000001,0.0451104194,0.0335538648,21.922742843600002,-3.5799045563,-0.7628269195999999,-0.2617874146,1.4936580658,2.201128006,2.8170776367,3.3181171417,5.0735626221,5.7810325623,0.501039505,2.2564849854,2.9639549256,1.7554454804,2.4629154206,0.7074699402,0,0.7603291273,1
8117,11488,2.91756083887631e+18,1.2376794350614e+18,22.6593322754,20.730791091900002,20.399362564100002,20.2178611755,20.1617889404,0.17652000489999994,0.1375431865,0.0951517448,0.0707079396,0.0525937192,23.5130767822,0.8537445068,2.7822856903,3.1137142181,3.2952156067,3.3512878418,1.9285411835,2.2599697113,2.4414710999,2.497543335,0.33142852780000004,0.5129299164,0.5690021515,0.1815013886,0.2375736237,0.0560722351,0,1.3477317095,1
8133,11511,2.90809624278441e+18,1.23767943559132e+18,23.833398819,21.5127792358,21.2759914398,21.2826480865,21.1123046875,0.1373797357,0.1070453525,0.07405348120000001,0.0550296716,0.0409319662,23.8896770477,0.0562782287,2.3768978119,2.6136856079,2.6070289612,2.7773723602,2.3206195832,2.5574073792,2.5507507325,2.7210941315,0.236787796,0.2301311493,0.4004745483,-0.0066566467,0.16368675230000002,0.17034339899999998,0,1.3771297932,1
10132,13930,6.37601758178286e+18,1.23767950324308e+18,21.185981750499998,20.7011871338,20.4477138519,20.394313812300002,20.324235916099997,0.2695108056,0.2100009918,0.14527770880000002,0.1079569086,0.0803001076,22.9930953979,1.8071136474,2.2919082641,2.545381546,2.5987815856,2.6688594818,0.4847946167,0.7382678986,0.7916679381999999,0.8617458344,0.2534732819,0.3068733215,0.3769512177,0.0534000396,0.1234779358,0.0700778962,0,1.274818182,1
10440,14322,6.37601754205442e+18,1.23767950431493e+18,22.512599945100003,21.1230621338,20.4001903534,19.6016349792,19.496799469000003,0.2029686719,0.1581518203,0.1094086915,0.0813023821,0.0604740381,22.372144699099998,-0.140455246,1.2490825653,1.9719543457,2.7705097199,2.8753452301,1.3895378113,2.1124095917,2.9109649659,3.0158004761000003,0.7228717804000001,1.5214271546,1.6262626647999998,0.7985553742,0.9033908844,0.1048355102,0,0.6629424691,1
11118,15123,3.05154292779058e+18,1.23767954242752e+18,26.468599319499997,21.792699813800002,21.552892684899998,21.234365463299998,20.857334137,0.3866196871,0.3012514412,0.2084043473,0.1548667699,0.1151924282,23.9703826904,-2.4982166291,2.1776828766,2.4174900055,2.7360172271,3.1130485534,4.6758995057,4.915706634599999,5.2342338562,5.6112651825,0.2398071289,0.5583343505,0.9353656768,0.3185272216,0.6955585479,0.3770313263,0,4.3104724883999985,1
12066,16297,2.48225978739327e+18,1.23768024253071e+18,22.6530227661,21.0535488129,20.6954421997,20.5873413086,20.3668441772,0.6025304793999999,0.4694876671,0.3247894049,0.241353333,0.1795225441,24.149105071999998,1.4960823059,3.0955562591000003,3.4536628723,3.5617637634,3.7822608948,1.5994739532,1.9575805664,2.0656814575,2.2861785889,0.3581066132,0.4662075043,0.6867046357,0.1081008911,0.3285980225,0.2204971314,0,1.0372664928,1
12987,17427,6.37619348861092e+18,1.2376802720362e+18,22.6193695068,21.7395076752,21.3996200562,21.6251354218,21.042181015,0.2181913257,0.17001320420000002,0.1176143438,0.0874000639,0.06500958650000001,22.745775222800003,0.126405716,1.0062675476,1.3461551666,1.120639801,1.7035942078,0.8798618316,1.2197494506,0.994234085,1.5771884918,0.339887619,0.1143722534,0.6973266602,-0.2255153656,0.3574390412,0.5829544068,0,0.0040355627,1
14955,19813,4.52928655572285e+18,1.2376803316486e+18,23.3789234161,21.1247196198,20.6655292511,20.5417690277,20.3112220764,0.3359358311,0.2617589235,0.1810836196,0.1345645338,0.1000912935,23.920463562,0.5415401459,2.7957439422,3.2549343108999995,3.3786945343,3.6092414856,2.2542037963,2.713394165,2.8371543884,3.0677013397,0.4591903687,0.5829505921,0.8134975434,0.1237602234,0.3543071747,0.2305469513,0,1.0613293648,1
15190,20159,2.41393173679676e+18,1.23764870350766e+18,21.871213913000002,20.6072616577,20.4289455414,20.5106773376,20.5162258148,0.1136399508,0.08854747560000001,0.06125673650000001,0.0455203205,0.0338587537,23.754322052,1.883108139,3.1470603943,3.3253765106,3.2436447144,3.2380962372,1.2639522553,1.4422683716,1.3605365753999998,1.3549880982,0.1783161163,0.0965843201,0.0910358429,-0.0817317962,-0.0872802734,-0.0055484772,0,2.3608548641,1
15223,20257,6.37893788144501e+18,1.23764870457917e+18,22.6427307129,20.9572963715,20.4669876099,20.1574649811,19.8038387299,0.1007619128,0.0785130039,0.05431493,0.0403618142,0.0300217755,21.8802776337,-0.7624530792,0.9229812622,1.4132900238,1.7228126525999998,2.0764389038,1.6854343414,2.1757431030000003,2.4852657318,2.8388919830000003,0.4903087616,0.7998313904000001,1.1534576416,0.3095226288,0.66314888,0.3536262512,0,0.0041532526,1
15282,20410,2.92984018493663e+18,1.23764872014758e+18,22.9951858521,21.357749939,20.918334960899998,20.7342777252,20.6618938446,0.2751178443,0.2143699527,0.1483001411,0.1102029011,0.0819707066,24.7515735626,1.7563877105,3.3938236236000003,3.8332386017,4.0172958374,4.089679718,1.6374359131,2.0768508912,2.2609081269,2.3332920075,0.4394149781,0.6234722138000001,0.6958560944,0.1840572357,0.2564411163,0.07238388059999999,0,0.5433045625999999,1
15283,20413,2.92984018493663e+18,1.23764872014758e+18,22.9951858521,21.357749939,20.918334960899998,20.7342777252,20.6618938446,0.2751178443,0.2143699527,0.1483001411,0.1102029011,0.0819707066,24.7515735626,1.7563877105,3.3938236236000003,3.8332386017,4.0172958374,4.089679718,1.6374359131,2.0768508912,2.2609081269,2.3332920075,0.4394149781,0.6234722138000001,0.6958560944,0.1840572357,0.2564411163,0.07238388059999999,0,0.5433045625999999,1
15285,20416,2.92984018493663e+18,1.23764872014771e+18,22.5356807709,21.6764163971,21.5662879944,21.4738025665,21.5727329254,0.2762800157,0.215275526,0.1489266157,0.1106684357,0.08231697980000001,24.3861999512,1.8505191803,2.7097835541000004,2.8199119568,2.9123973847,2.8134670258,0.8592643738,0.9693927765,1.0618782044,0.9629478455,0.1101284027,0.2026138306,0.1036834717,0.0924854279,-0.006444931,-0.0989303589,0,1.0541441441,1
15322,20486,6.45921973333813e+18,1.23764872122185e+18,22.8677597046,21.7200870514,21.5948295593,21.388349533099998,20.793170929000002,0.2476028055,0.1929304302,0.13346837460000002,0.0991813093,0.07377267629999999,22.6025161743,-0.26524353030000003,0.8824291229000001,1.007686615,1.2141666412,1.8093452453,1.1476726532,1.2729301453,1.4794101715,2.0745887756,0.1252574921,0.3317375183,0.9269161224,0.2064800262,0.8016586303000001,0.5951786041,0,2.5779066086,1
15346,20539,2.41248917754112e+18,1.23764872229585e+18,22.7948989868,21.7085018158,21.4459552765,21.1480998993,20.828754425,0.2568811178,0.2001600116,0.1384697706,0.1028978825,0.07653711740000001,23.5478439331,0.7529449463,1.8393421173,2.1018886566,2.3997440338,2.7190895081,1.086397171,1.3489437103,1.6467990875,1.9661445618,0.2625465393,0.5604019164999999,0.8797473908,0.2978553772,0.6172008515,0.3193454743,0,0.6048968434,1
15347,20542,2.41248917754112e+18,1.23764872229585e+18,22.7948989868,21.7085018158,21.4459552765,21.1480998993,20.828754425,0.2568811178,0.2001600116,0.1384697706,0.1028978825,0.07653711740000001,23.5478439331,0.7529449463,1.8393421173,2.1018886566,2.3997440338,2.7190895081,1.086397171,1.3489437103,1.6467990875,1.9661445618,0.2625465393,0.5604019164999999,0.8797473908,0.2978553772,0.6172008515,0.3193454743,0,0.6048968434,1
15453,20721,6.37714348276345e+18,1.23764996138657e+18,20.4433708191,19.6558189392,18.503616333,18.220413208,17.7363071442,0.4453523755,0.3470155597,0.2400637567,0.1783930957,0.1326916963,21.116184234600002,0.6728134155,1.4603652954,2.6125679016,2.8957710266000003,3.3798770904000004,0.7875518799,1.9397544861,2.2229576111,2.7070636749,1.1522026062,1.4354057312,1.919511795,0.283203125,0.7673091888,0.4841060638,0,0.3253059089,1
15460,20737,2.42392409847209e+18,1.23764996246077e+18,21.306613922100002,20.8543720245,19.670797348,18.8995838165,18.5525779724,0.3383828998,0.2636656463,0.1824026853,0.1355447471,0.1008203849,22.804170608499998,1.4975566863999998,1.949798584,3.1333732605,3.904586792,4.2515926361,0.4522418976,1.6358165741,2.4070301056,2.7540359497000004,1.1835746765,1.954788208,2.3017940521,0.7712135315,1.1182193756,0.3470058441,0,0.8718046545999999,1
15463,20742,2.42367780786537e+18,1.23764996353366e+18,23.024936676,21.3495807648,19.8682613373,19.048532486,18.5866565704,0.6613609195,0.5153279304999999,0.3565014899,0.2649188042,0.1970509291,23.2139339447,0.1889972687,1.8643531799,3.3456726074,4.1654014587,4.6272773743,1.6753559112,3.1566753387,3.97640419,4.4382801056,1.4813194275,2.3010482788,2.7629241944,0.8197288513,1.2816047669,0.4618759156,0,0.6197671294,0
15464,20745,2.42367780786537e+18,1.23764996353366e+18,23.024936676,21.3495807648,19.8682613373,19.048532486,18.5866565704,0.6613609195,0.5153279304999999,0.3565014899,0.2649188042,0.1970509291,23.2139339447,0.1889972687,1.8643531799,3.3456726074,4.1654014587,4.6272773743,1.6753559112,3.1566753387,3.97640419,4.4382801056,1.4813194275,2.3010482788,2.7629241944,0.8197288513,1.2816047669,0.4618759156,0,0.6197671294,0
15467,20763,6.38203406001793e+18,1.23765036939857e+18,21.7175426483,21.1084060669,20.9580383301,20.9081020355,21.1806850433,0.1915559918,0.1492591351,0.1032567769,0.0767308548,0.057073656500000014,22.4361286163,0.718585968,1.3277225494,1.4780902862,1.5280265808000002,1.255443573,0.6091365814,0.7595043182,0.8094406128,0.536857605,0.15036773679999998,0.2003040314,-0.0722789764,0.0499362946,-0.2226467132,-0.2725830078,0,0.5909186006,0
15553,20930,6.37897303575443e+18,1.23765037102517e+18,19.0645427704,19.156879425,19.6231117249,19.9014587402,20.0729255676,0.105693914,0.0823559836,0.0569734871,0.0423374064,0.031491253500000004,18.838510513299997,-0.2260322571,-0.31836891170000003,-0.7846012116,-1.0629482269,-1.2344150543,-0.0923366546,-0.5585689545,-0.8369159698,-1.0083827972,-0.4662322999,-0.7445793152,-0.9160461426,-0.2783470153,-0.4498138427,-0.1714668274,0,2.5267598629,1
15557,20942,6.38192855522005e+18,1.23765037154586e+18,22.773771286,22.160577774,22.213739395100003,22.1253356934,21.616533279400002,0.2137561738,0.1665573716,0.1152236164,0.08562349529999999,0.0636881515,22.7161483765,-0.0576229095,0.5555706025,0.5024089814,0.5908126831,1.0996150970999998,0.613193512,0.5600318909,0.6484355925999999,1.1572380066,-0.0531616211,0.0352420806,0.5440444946,0.0884037017,0.5972061157,0.508802414,0,4.1611204147,1
15685,21280,2.94940269581803e+18,1.2376517357663e+18,22.968639373800002,22.027683258099998,22.0645370483,21.941913604699998,21.543504715,0.1052009612,0.0819718763,0.0567077659,0.0421399474,0.0313443802,23.704996109,0.7363567352,1.6773128509,1.6404590607,1.7630825043,2.161491394,0.9409561157,0.9041023255,1.0267257691,1.4251346588,-0.0368537902,0.08576965339999999,0.4841785431,0.1226234436,0.5210323333,0.3984088897,0,3.9441840649,1
15775,21447,3.82552874520203e+18,1.23765173737469e+18,23.643350601199998,21.881772995,21.7989120483,21.851503372199996,21.663894653299998,0.1102784351,0.0859282091,0.0594447367,0.0441738106,0.0328571983,24.174081802399996,0.5307312012,2.2923088074,2.3751697541,2.3225784302,2.5101871491,1.7615776062,1.8444385529,1.791847229,1.9794559479,0.0828609467,0.0302696228,0.2178783417,-0.0525913239,0.135017395,0.1876087189,0,1.4129555225,1
15784,21469,2.95084525507367e+18,1.23765173737672e+18,23.0303077698,21.5587482452,21.4425239563,21.6002388,21.4777908325,0.101815097,0.0793336332,0.0548826419,0.0407836847,0.0303355679,23.3716506958,0.341342926,1.8129024506,1.9291267395,1.7714118958,1.8938598633,1.4715595246000002,1.5877838135,1.4300689698,1.5525169372999998,0.1162242889,-0.0414905548,0.0809574127,-0.1577148437,-0.0352668762,0.1224479675,0,1.2680630684,1
15924,21744,2.93360491254881e+18,1.23765175349071e+18,24.3359603882,21.724275589,21.5906124115,21.617616653400002,20.9004707336,0.1848652363,0.14404574039999998,0.0996501818,0.0740507618,0.0550801642,23.9193267822,-0.416633606,2.1950511932,2.3287143707,2.3017101288,3.0188560486,2.6116847992,2.7453479767,2.7183437348000004,3.4354896546,0.1336631775,0.1066589356,0.8238048554,-0.0270042419,0.6901416779,0.7171459198000001,0,0.3180036247,0
16073,22034,2.4301869167018e+18,1.23765182217552e+18,22.4440746307,23.1116771698,20.5781288147,19.4203643799,19.014497757,0.1562535763,0.1217517331,0.08422728630000001,0.06258989870000001,0.046555385,23.777582168600002,1.3335075379,0.6659049988,3.1994533539,4.3572177887,4.7630844116,-0.6676025391,1.865945816,3.0237102508,3.4295768737,2.5335483551,3.6913127899,4.0971794128,1.1577644348,1.5636310577,0.4058666229,0,0.6169136763,1
16074,22036,2.4301869167018e+18,1.23765182217552e+18,22.4440746307,23.1116771698,20.5781288147,19.4203643799,19.014497757,0.1562535763,0.1217517331,0.08422728630000001,0.06258989870000001,0.046555385,23.777582168600002,1.3335075379,0.6659049988,3.1994533539,4.3572177887,4.7630844116,-0.6676025391,1.865945816,3.0237102508,3.4295768737,2.5335483551,3.6913127899,4.0971794128,1.1577644348,1.5636310577,0.4058666229,0,0.6171521543999999,1
16125,22133,3.84357832788227e+18,1.23765259956073e+18,21.2641639709,20.4455528259,20.167390823399998,20.005399704000002,19.9039115906,0.2245524228,0.1749697328,0.12104325,0.0899481028,0.0669048652,22.915599823,1.6514358521,2.4700469971,2.7482089996,2.910200119,3.0116882324,0.818611145,1.0967731475,1.2587642669,1.3602523803,0.2781620025,0.4401531219,0.5416412353,0.1619911194,0.2634792328,0.1014881134,0,0.2632926106,0
16191,22318,3.84470422778911e+18,1.23765294638118e+18,21.5545978546,20.2871799469,20.1443977356,20.1164321899,20.2823448181,0.1466786116,0.114290975,0.07906597110000001,0.0587544888,0.0437025428,23.3272705078,1.7726726532,3.0400905608999995,3.1828727722,3.2108383179000004,3.0449256897000003,1.2674179077,1.410200119,1.4381656647,1.2722530365,0.14278221130000002,0.170747757,0.0048351288,0.0279655457,-0.1379470825,-0.1659126282,0,0.7601916790000001,0
16203,22349,3.77838168640167e+18,1.23765294799159e+18,21.2388362885,20.3354911804,19.8191623688,19.5961151123,19.6264610291,0.1936440915,0.1508861631,0.104382351,0.0775672719,0.0576957986,23.889490127600002,2.6506538391,3.5539989472,4.0703277588,4.2933750153,4.2630290985000014,0.9033451081,1.4196739197,1.6427211762,1.6123752594,0.5163288116,0.7393760681,0.7090301512999999,0.2230472565,0.1927013397,-0.0303459168,0,0.9326686263,0
16374,22652,2.94722126454719e+18,1.23765460586562e+18,22.4824352264,21.8026332855,21.8248348236,21.8614444733,21.7349891663,0.1902889311,0.1482718438,0.1025737748,0.0762233064,0.0566961393,23.39585495,0.9134197236,1.5932216645,1.5710201264,1.5344104767,1.6608657837,0.6798019409,0.6576004028,0.6209907531000001,0.7474460601,-0.0222015381,-0.05881118780000001,0.0676441192,-0.0366096497,0.0898456573,0.126455307,0,1.5325125456,1
16479,22859,2.43036283856225e+18,1.23765487966952e+18,23.408367156999997,21.2991428375,21.0382823944,20.9141769409,20.8030338287,0.1675977111,0.1305909902,0.090342246,0.0671339706,0.0499353409,23.7490749359,0.3407077789,2.4499320984,2.7107925415,2.834897995,2.9460411072,2.1092243195,2.3700847626,2.4941902161,2.6053333283,0.2608604431,0.3849658966,0.4961090088,0.1241054535,0.2352485657,0.1111431122,0,1.267509222,1
16601,23075,2.94781939887271e+18,1.2376551255408e+18,23.9354953766,21.365207672100002,21.1609382629,20.9525032043,20.674379348800002,0.1444487721,0.1125534996,0.0778639913,0.0578612909,0.0430381708,23.013870239299997,-0.9216251373,1.6486625672,1.8529319764,2.061367035,2.3394908905,2.5702877045,2.7745571137,2.9829921723000004,3.2611160277999995,0.20426940920000006,0.4127044678,0.6908283233,0.2084350586,0.4865589141,0.2781238555,0,0.8662059307,0
16658,23174,2.9507397019574e+18,1.23765512608979e+18,22.224534988400002,21.6579399109,21.6862564087,21.6019477844,21.2573699951,0.1593111157,0.1241341382,0.08587542179999999,0.06381464,0.0474663712,23.120353698699997,0.8958187103,1.4624137878,1.43409729,1.5184059143000002,1.8629837036,0.5665950775,0.5382785797,0.622587204,0.9671649933,-0.0283164978,0.0559921265,0.4005699158,0.0843086243,0.4288864136,0.3445777893,0,0.0040214136,1
16716,23284,2.85106237562841e+18,1.23765549437275e+18,24.3891029358,21.639467239400002,21.3656768799,21.2584457397,20.8271427155,0.2478414774,0.19311639670000005,0.1335970312,0.0992769152,0.0738437846,23.994480133099998,-0.3946228027000001,2.3550128937,2.6288032532,2.7360343934,3.1673374176,2.7496356964,3.0234260559,3.1306571961,3.5619602203,0.2737903595,0.3810214997,0.8123245239,0.1072311402,0.5385341644,0.4313030242,0,1.2649569511,1
16774,23413,2.85106237562841e+18,1.23765549920492e+18,25.8040599823,22.577995300300003,21.2700519562,20.2513103485,19.7847156525,0.2573615015,0.2005343437,0.1387287229,0.1030903086,0.07668025049999999,23.6306648254,-2.1733951569,1.0526695251,2.3606128692,3.3793544769,3.8459491729,3.226064682,4.5340080261,5.5527496338,6.0193443298,1.3079433441,2.3266849518,2.7932796478,1.0187416077,1.4853363037,0.466594696,0,0.6081424356,0
16849,23612,6.37404723332357e+18,1.23765740133568e+18,20.400209426900002,19.3275241852,19.0305919647,19.0542240143,18.9722480774,0.1591095626,0.1239770949,0.08576678480000001,0.063733913,0.0474063195,22.63215065,2.2319412231,3.3046264648,3.6015586853,3.5779266357,3.6599025726,1.0726852417,1.3696174622,1.3459854126,1.4279613495,0.2969322205,0.2733001709,0.3552761078,-0.0236320496,0.0583438873,0.0819759369,0,0.9900075197,1
17070,23982,6.37879706879473e+18,1.23765849121273e+18,22.9059562683,21.576023101799997,21.4008388519,21.6691665649,21.3118667603,0.1230137423,0.0958514735,0.06630960849999999,0.049275144900000005,0.0366516523,22.0189495087,-0.8870067596,0.4429264069,0.6181106568,0.3497829438,0.7070827484000001,1.3299331665,1.5051174164,1.2367897034,1.5940895080000002,0.17518424989999998,-0.0931434631,0.2641563415,-0.268327713,0.0889720916,0.3572998046,0,0.6778349876,0
17088,24012,6.37907856417463e+18,1.23765849173819e+18,18.8956794739,18.9937000275,19.319538116500002,19.5333366394,19.7055187225,0.1785974801,0.1391619444,0.0962715894,0.0715401098,0.0532126985,19.0717010498,0.1760215759,0.0780010223,-0.2478370667,-0.4616355896,-0.6338176727,-0.0980205536,-0.4238586426,-0.6376571655,-0.8098392486,-0.325838089,-0.5396366119,-0.711818695,-0.2137985229,-0.385980606,-0.1721820831,0,2.5959510803,1
17183,24178,3.1648717902887e+18,1.23765849280925e+18,20.6504230499,20.3530158997,20.2073249817,19.9743061066,19.857011795,0.1306780726,0.101823464,0.07044100019999999,0.0523452125,0.0389352217,22.6790122986,2.0285892487,2.3259963989,2.4716873169,2.704706192,2.8220005036,0.2974071502,0.4430980682,0.6761169432999999,0.7934112549,0.145690918,0.3787097931,0.4960041047,0.2330188751,0.3503131867,0.1172943116,0,1.9161444902,1
17199,24202,6.37890270995782e+18,1.23765849281882e+18,17.674325943,16.053319931,15.4757146835,15.192446708699999,15.151483535799999,0.101939559,0.0794306099,0.0549497306,0.0408335403,0.0303726513,20.7934932709,3.1191673279,4.7401733399,5.3177785874,5.6010465622000005,5.6420097351,1.6210060119999998,2.1986112595,2.4818792343,2.5228424072,0.5776052475,0.8608732223000001,0.9018363952,0.2832679748,0.3242311477,0.0409631729,0,0.004153254,0
17293,24403,6.37788232236715e+18,1.23766034392436e+18,20.5987472534,20.4323768616,20.6954040527,20.6250457764,21.481174469000006,0.247846812,0.193120569,0.1335999072,0.0992790535,0.0738453716,21.244884491,0.6461372376,0.8125076294,0.5494804382999999,0.6198387146000001,-0.236289978,0.1663703918,-0.0966567993,-0.026298523,-0.8824272156,-0.2630271911,-0.1926689148,-1.0487976074,0.0703582763,-0.7857704163,-0.8561286926,0,0.0765808001,0
17432,24668,6.37774161708896e+18,1.23766067034993e+18,20.4913024902,20.3130683899,20.3761024475,20.56432724,20.9891166687,0.1429732889,0.1114038154,0.07706864179999999,0.0572702624,0.042598553,21.3882102966,0.8969078064,1.0751419067,1.0121078491,0.8238830565999999,0.3990936279,0.1782341003,0.1152000427,-0.07302474980000001,-0.4978141785,-0.0630340576,-0.25125885010000004,-0.6760482788,-0.1882247925,-0.6130142211999999,-0.4247894287,0,0.004035464,0
17470,24741,6.38266738945294e+18,1.23766106388097e+18,23.410858154299998,22.0504436493,20.666076660199998,19.6317081451,19.4327735901,0.1413713545,0.1101555973,0.0762051344,0.05662858110000001,0.0421212614,22.626214981100002,-0.7846431731999999,0.5757713318,1.9601383209,2.994506836,3.1934413910000004,1.360414505,2.7447814941,3.7791500092,3.9780845642,1.3843669891,2.4187355042,2.6176700592,1.0343685151000002,1.2333030701,0.198934555,0,0.5371810198,1
17478,24754,3.05558913058079e+18,1.23766106441489e+18,24.146759033200002,21.993368148800002,19.9578895569,18.880378723099998,18.2990474701,0.1121618226,0.0873957351,0.06045996400000001,0.0449282341,0.033418349900000005,24.118070602399996,-0.0286884308,2.1247024536000003,4.1601810455,5.2376918793,5.8190231323,2.1533908844,4.1888694763,5.2663803101,5.8477115631,2.0354785919,3.1129894257,3.6943206787,1.0775108338,1.6588420868,0.581331253,0,0.5880253911,0
17850,25344,3.80635326241362e+18,1.23766195024278e+18,22.5704479218,21.5620613098,21.5223426819,21.5818099976,21.3702545166,0.1424805522,0.111019887,0.0768030435,0.0570728928,0.0424517468,23.5717811584,1.0013332366,2.0097198486,2.0494384765,1.9899711608,2.2015266418,1.008386612,1.0481052399,0.9886379242,1.2001934052,0.0397186279,-0.0197486878,0.1918067932,-0.0594673157,0.1520881653,0.211555481,0,1.2664773464,0
17918,25446,3.75238043542802e+18,1.23766195080384e+18,21.781156539899996,21.1849861145,21.007011413599997,20.9738788605,20.8090763092,0.0990462229,0.0771761462,0.0533901006,0.0396745652,0.0295105893,23.3023490906,1.5211925507,2.1173629761000003,2.295337677,2.3284702301,2.4932727814,0.5961704254,0.7741451263,0.8072776794,0.9720802307,0.1779747009,0.211107254,0.3759098053,0.0331325531,0.1979351044,0.16480255130000002,0,1.3737970591,0
18107,25759,3.86891107598756e+18,1.23766223640107e+18,22.8638038635,21.6365280151,21.577304840100002,21.6509647369,21.0508995056,0.1151888892,0.08975440259999999,0.0620916821,0.0461407751,0.0343202576,23.4834480286,0.6196441651,1.8469200135,1.9061431885,1.8324832917,2.432548523,1.2272758484,1.2864990234,1.2128391266,1.8129043579,0.059223175,-0.0144367218,0.5856285095,-0.0736598968,0.5264053345,0.6000652313,0,0.5056843758,0
18175,25877,3.13806129875701e+18,1.23766223802263e+18,21.9332084656,21.455286026,21.3671836853,21.325746536300002,21.462978363,0.1887637228,0.1470834166,0.1017516255,0.0756123662,0.056241706,23.3887233734,1.4555149078,1.9334373474,2.0215396881,2.0629768371,1.9257450104,0.4779224396,0.5660247803,0.6074619293,0.4702301026,0.0881023407,0.1295394897,-0.007692337,0.041437149,-0.0957946777,-0.1372318267,0,1.0484802723,0
18194,25919,3.75565258203228e+18,1.23766226324456e+18,25.8759994507,24.6450901031,24.9828071594,22.5994205475,22.9650211334,0.1040893123,0.0811056867,0.0561085381,0.041694656,0.0310131647,23.051315307600003,-2.8246841431,-1.5937747955,-1.9314918518,0.4518947601,0.0862941742,1.2309093476,0.8931922913,3.2765789032,2.9109783173,-0.33771705630000004,2.0456695556,1.6800689697,2.3833866119,2.017786026,-0.3656005859000001,0,0.7759990095999999,1
18394,26245,3.75924138798535e+18,1.23766263636853e+18,22.7501411438,21.8267860413,21.739780426,21.8502731323,22.0687065125,0.1441987008,0.1123586521,0.0777291954,0.0577611253,0.042963665,23.96641922,1.2162780762,2.1396331787,2.226638794,2.1161460877,1.8977127075,0.9233551025,1.0103607178,0.8998680115000001,0.6814346312999999,0.08700561529999999,-0.023487091,-0.2419204712,-0.1104927063,-0.3289260865,-0.2184333802,0,0.0040374082,0
18423,26288,3.71723124771128e+18,1.23766263691359e+18,21.832668304400002,21.2792129517,21.0307197571,21.0717964172,20.8155212402,0.2237068564,0.174310863,0.1205874458,0.0896093994,0.0666529313,24.1722583771,2.3395900727,2.8930454254000004,3.14153862,3.1004619599,3.3567371369,0.5534553527,0.8019485473000001,0.7608718872,1.0171470642,0.2484931946,0.2074165345,0.4636917115,-0.0410766601,0.21519851690000005,0.256275177,0,1.3482648134,1
18542,26477,3.16508289652124e+18,1.2376641320962e+18,23.0904521942,21.3785095215,21.0944805145,21.171415329000002,20.5267715454,0.1510213763,0.117674835,0.0814069062,0.0604940578,0.044996462800000005,23.6465835571,0.5561313629,2.2680740356,2.5521030426,2.4751682281,3.1198120117,1.7119426727,1.9959716797,1.9190368652,2.5636806488,0.284029007,0.2070941925,0.8517379761,-0.0769348145,0.5677089691,0.6446437836,0,1.3847917318,1
18543,26480,3.16508289652124e+18,1.2376641320962e+18,23.0904521942,21.3785095215,21.0944805145,21.171415329000002,20.5267715454,0.1510213763,0.117674835,0.0814069062,0.0604940578,0.044996462800000005,23.6465835571,0.5561313629,2.2680740356,2.5521030426,2.4751682281,3.1198120117,1.7119426727,1.9959716797,1.9190368652,2.5636806488,0.284029007,0.2070941925,0.8517379761,-0.0769348145,0.5677089691,0.6446437836,0,1.3847917318,1
18690,26740,6.37841007935646e+18,1.23766509685539e+18,24.7972126007,20.9526119232,20.406370163,20.1941127777,20.014465332,0.0811268166,0.0632134676,0.0437307842,0.0324966609,0.0241715442,23.0083713531,-1.7888412476,2.0557594299,2.6020011901,2.8142585754,2.9939060211,3.8446006775,4.3908424377,4.603099823,4.7827472687,0.5462417602,0.7584991455,0.9381465912,0.2122573853,0.391904831,0.1796474457,0,1.2166646719,1
18742,26835,6.37925453864842e+18,1.23766510167962e+18,23.5118217468,21.7126998901,21.4027729034,21.0239677429,20.898443222,0.234716326,0.1828893721,0.1265220195,0.0940194204,0.069933176,22.8991355896,-0.6126861572,1.1864356995,1.4963626862,1.8751678467,2.0006923676,1.7991218566999998,2.1090488434,2.4878540039,2.6133785248,0.3099269867,0.6887321472,0.8142566681,0.3788051605,0.5043296814,0.1255245209,0,1.3433884382,1
19507,28117,6.3752434354026e+18,1.23766622910651e+18,19.0584049225,17.4853134155,16.6712150574,16.4033222198,16.282358169600002,0.2955043912,0.2302550077,0.1592893451,0.1183690578,0.08804483710000001,21.3498744965,2.291469574,3.864561081,4.6786594391000005,4.9465522767,5.0675163269,1.5730915069999998,2.3871898651,2.6550827027,2.7760467529,0.8140983581,1.0819911957,1.2029552459,0.2678928376,0.3888568878,0.1209640502,0,0.0040116985,0
